Partida,Tabuleiro,Vencedor,Vitorias Jogador 1,Vitorias Jogador 2,Empates
1,"[1, -1, 1, 1, -1, 1, -1, 1, -1]",,0,0,1
2,"[-1, -1, 0, -1, 1, 0, 1, 1, 1]",1,1,0,1
3,"[1, -1, 1, 1, -1, -1, -1, 1, 1]",,1,0,2
4,"[-1, -1, 1, 0, 0, 1, 0, 0, 1]",1,2,0,2
5,"[0, -1, -1, 1, -1, 1, 1, -1, 1]",-1,2,1,2
6,"[1, -1, 1, -1, 1, -1, 1, 1, -1]",1,3,1,2
7,"[0, 1, 1, -1, -1, -1, 0, 1, 0]",-1,3,2,2
8,"[-1, 0, 0, 0, -1, 0, 1, 1, 1]",1,4,2,2
9,"[1, 1, 1, 0, -1, -1, 0, -1, 1]",1,5,2,2
10,"[1, -1, -1, 0, 1, 0, 0, 0, 1]",1,6,2,2
11,"[-1, 0, 0, -1, 1, 1, -1, 1, 0]",-1,6,3,2
12,"[1, -1, 1, 1, 1, -1, -1, 1, -1]",,6,3,3
13,"[1, 1, -1, 1, -1, -1, 1, -1, 1]",1,7,3,3
14,"[1, -1, 0, 1, 1, -1, 1, -1, 0]",1,8,3,3
15,"[1, -1, 1, 1, 1, -1, 1, -1, -1]",1,9,3,3
16,"[-1, 1, 0, 0, 1, 0, -1, 1, 0]",1,10,3,3
17,"[-1, -1, -1, 1, 1, 0, 0, 0, 1]",-1,10,4,3
18,"[1, 1, 0, -1, -1, -1, 0, 0, 1]",-1,10,5,3
19,"[-1, 1, 0, -1, -1, 0, 1, 1, 1]",1,11,5,3
20,"[1, -1, 0, -1, 1, -1, 0, 1, 1]",1,12,5,3
21,"[1, -1, 1, -1, 1, -1, 1, 0, 0]",1,13,5,3
22,"[0, -1, 1, 0, 1, -1, 1, 1, -1]",1,14,5,3
23,"[-1, 1, 1, 0, 1, 0, 1, -1, -1]",1,15,5,3
24,"[1, -1, 0, 1, -1, 0, 1, 1, -1]",1,16,5,3
25,"[1, 0, 0, 0, 1, -1, -1, 0, 1]",1,17,5,3
26,"[0, 0, -1, 0, 1, -1, 1, 1, -1]",-1,17,6,3
27,"[0, -1, -1, 1, -1, 1, 1, -1, 1]",-1,17,7,3
28,"[-1, -1, -1, 1, 1, -1, 0, 1, 1]",-1,17,8,3
29,"[-1, -1, 1, 1, 1, 1, 0, -1, 0]",1,18,8,3
30,"[1, 1, -1, 1, -1, 1, -1, 0, -1]",-1,18,9,3
31,"[1, -1, -1, 1, 1, -1, -1, 1, 1]",1,19,9,3
32,"[1, -1, -1, -1, 1, 1, -1, 1, 1]",1,20,9,3
33,"[1, 0, 1, -1, 1, -1, -1, 0, 1]",1,21,9,3
34,"[-1, 0, 1, 0, 1, 1, -1, -1, 1]",1,22,9,3
35,"[1, 1, 1, -1, -1, 0, -1, 1, 0]",1,23,9,3
36,"[0, -1, 0, 1, -1, 1, 0, -1, 1]",-1,23,10,3
37,"[-1, -1, -1, 1, 0, 1, -1, 1, 1]",-1,23,11,3
38,"[1, -1, 1, 0, -1, 1, 1, -1, -1]",-1,23,12,3
39,"[0, 1, 1, -1, -1, -1, 1, -1, 1]",-1,23,13,3
40,"[1, 0, 1, 0, 0, 1, -1, -1, -1]",-1,23,14,3
41,"[-1, -1, 1, -1, 1, -1, 1, 1, 1]",1,24,14,3
42,"[-1, 1, 1, -1, -1, -1, 0, 1, 1]",-1,24,15,3
43,"[-1, 0, 1, 0, 1, -1, 1, 0, 0]",1,25,15,3
44,"[1, 1, -1, 0, -1, 1, -1, 1, -1]",-1,25,16,3
45,"[1, 0, 1, 1, 1, -1, -1, -1, -1]",-1,25,17,3
46,"[-1, 1, 1, -1, -1, 1, -1, 1, 0]",-1,25,18,3
47,"[1, -1, 0, 1, 0, -1, 1, 1, -1]",1,26,18,3
48,"[-1, 0, 0, 1, 1, 1, -1, 1, -1]",1,27,18,3
49,"[-1, 1, 1, -1, 1, 0, 1, -1, 0]",1,28,18,3
50,"[0, -1, 1, -1, 1, 1, 0, -1, 1]",1,29,18,3
51,"[1, 1, -1, -1, -1, 0, -1, 1, 1]",-1,29,19,3
52,"[1, -1, 1, -1, -1, 1, 1, 1, -1]",,29,19,4
53,"[1, -1, 1, -1, 1, -1, -1, 1, 1]",1,30,19,4
54,"[1, 1, -1, -1, 1, 1, -1, 1, -1]",1,31,19,4
55,"[-1, 0, -1, 0, 1, -1, 1, 1, 1]",1,32,19,4
56,"[-1, -1, 1, 1, -1, 1, 1, 0, -1]",-1,32,20,4
57,"[0, -1, 1, 0, 1, 0, 1, 0, -1]",1,33,20,4
58,"[1, 1, -1, -1, 1, 1, -1, -1, 1]",1,34,20,4
59,"[1, -1, 1, -1, 1, 1, 1, -1, -1]",1,35,20,4
60,"[-1, -1, 1, 0, 1, 1, 1, -1, 0]",1,36,20,4
61,"[-1, 0, -1, -1, 1, 1, -1, 1, 1]",-1,36,21,4
62,"[-1, 1, -1, -1, -1, 1, 1, 1, 1]",1,37,21,4
63,"[1, 1, -1, -1, 1, -1, 0, 0, 1]",1,38,21,4
64,"[1, -1, 0, 0, 1, 1, -1, -1, 1]",1,39,21,4
65,"[0, -1, -1, 1, -1, 1, 1, -1, 1]",-1,39,22,4
66,"[1, 0, 1, 1, -1, 1, -1, -1, -1]",-1,39,23,4
67,"[1, 1, -1, -1, -1, 1, 1, -1, 1]",,39,23,5
68,"[1, -1, 1, -1, 1, 1, -1, 1, -1]",,39,23,6
69,"[1, 0, 0, -1, 1, -1, 0, 0, 1]",1,40,23,6
70,"[-1, 0, 1, 0, 0, 1, -1, 0, 1]",1,41,23,6
71,"[1, -1, 1, -1, -1, 1, 1, 1, -1]",,41,23,7
72,"[-1, 1, 1, -1, -1, 1, 1, -1, 1]",1,42,23,7
73,"[1, 1, -1, 0, -1, 1, -1, 0, 0]",-1,42,24,7
74,"[1, 1, -1, 1, -1, -1, -1, 0, 1]",-1,42,25,7
75,"[1, 0, -1, 1, 0, 1, 1, -1, -1]",1,43,25,7
76,"[0, 1, -1, 1, -1, 1, -1, 0, 0]",-1,43,26,7
77,"[0, 1, -1, -1, 1, -1, 1, 1, 0]",1,44,26,7
78,"[-1, -1, -1, 0, 1, 1, 1, -1, 1]",-1,44,27,7
79,"[-1, 1, -1, 1, -1, 0, 1, 1, -1]",-1,44,28,7
80,"[1, 1, 1, 1, -1, -1, -1, -1, 1]",1,45,28,7
81,"[1, 0, 1, 0, 0, 1, -1, -1, -1]",-1,45,29,7
82,"[1, 0, 1, 0, 1, 0, -1, -1, -1]",-1,45,30,7
83,"[-1, -1, 1, 1, 1, -1, 1, -1, 1]",1,46,30,7
84,"[-1, -1, 1, 1, -1, 1, -1, 1, 1]",1,47,30,7
85,"[1, -1, 1, 1, 1, -1, -1, 1, -1]",,47,30,8
86,"[1, -1, 1, -1, 1, -1, 1, 1, -1]",1,48,30,8
87,"[1, -1, 1, -1, 1, -1, -1, 1, 1]",1,49,30,8
88,"[1, 1, -1, -1, 1, -1, 1, 0, -1]",-1,49,31,8
89,"[1, 0, -1, 1, -1, 1, 1, -1, 0]",1,50,31,8
90,"[-1, 0, 1, 1, -1, 0, 0, 1, -1]",-1,50,32,8
91,"[-1, 1, -1, -1, -1, 1, 1, 1, 1]",1,51,32,8
92,"[-1, -1, 1, -1, 1, 1, 0, 0, 1]",1,52,32,8
93,"[-1, 1, 0, 1, 1, -1, 0, 1, -1]",1,53,32,8
94,"[-1, 1, 1, 1, -1, 1, -1, -1, 1]",1,54,32,8
95,"[-1, 0, 1, 0, 1, -1, 1, 0, 0]",1,55,32,8
96,"[-1, -1, -1, 0, 1, 1, 1, 1, -1]",-1,55,33,8
97,"[0, -1, -1, 1, 1, 1, 0, 0, 0]",1,56,33,8
98,"[1, -1, 1, 1, 1, -1, -1, 1, -1]",,56,33,9
99,"[-1, 0, 1, -1, 1, 0, -1, 0, 1]",-1,56,34,9
100,"[-1, 1, -1, 0, -1, 1, -1, 1, 1]",-1,56,35,9
101,"[-1, -1, -1, 0, 0, 1, 1, 0, 1]",-1,56,36,9
102,"[-1, 1, -1, 1, 1, -1, -1, 1, 1]",1,57,36,9
103,"[0, 1, 0, -1, 1, -1, -1, 1, 1]",1,58,36,9
104,"[-1, 1, 1, 1, 1, -1, 1, -1, -1]",1,59,36,9
105,"[1, 1, 1, -1, 0, 0, 0, -1, 0]",1,60,36,9
106,"[1, -1, 1, 1, -1, 1, -1, 1, -1]",,60,36,10
107,"[1, 1, -1, 0, 1, 0, -1, 1, -1]",1,61,36,10
108,"[1, -1, -1, -1, 1, 1, 1, -1, 1]",1,62,36,10
109,"[1, -1, -1, 0, 1, 0, 1, -1, 1]",1,63,36,10
110,"[1, 0, -1, -1, -1, 1, -1, 1, 1]",-1,63,37,10
111,"[1, -1, -1, 1, 1, -1, -1, 1, 1]",1,64,37,10
112,"[-1, -1, 1, 1, 1, -1, 1, 1, -1]",1,65,37,10
113,"[1, -1, -1, -1, 1, 1, 1, 1, -1]",,65,37,11
114,"[-1, 1, 1, -1, -1, 0, -1, 1, 1]",-1,65,38,11
115,"[1, 0, 0, 0, 1, -1, -1, 0, 1]",1,66,38,11
116,"[-1, 1, 0, -1, -1, 1, 1, 1, -1]",-1,66,39,11
117,"[1, 1, -1, 1, -1, -1, 1, -1, 1]",1,67,39,11
118,"[-1, -1, 1, 1, -1, -1, 1, 1, 1]",1,68,39,11
119,"[1, 1, -1, -1, 1, 1, 1, -1, -1]",,68,39,12
120,"[0, 1, 1, 1, -1, 1, -1, -1, -1]",-1,68,40,12
121,"[1, 0, -1, 1, -1, 0, 1, 1, -1]",1,69,40,12
122,"[0, 1, -1, -1, 1, 0, -1, 1, 1]",1,70,40,12
123,"[-1, 1, -1, 0, 1, 0, 0, 1, 0]",1,71,40,12
124,"[-1, 1, 1, -1, -1, 0, 1, 1, -1]",-1,71,41,12
125,"[1, 1, -1, -1, -1, 1, 1, -1, 1]",,71,41,13
126,"[1, 1, -1, -1, -1, 1, 1, -1, 1]",,71,41,14
127,"[-1, 1, -1, 1, 1, -1, 1, -1, 1]",,71,41,15
128,"[1, 1, -1, 0, -1, 1, -1, -1, 1]",-1,71,42,15
129,"[0, 1, 1, -1, -1, -1, 1, 1, -1]",-1,71,43,15
130,"[1, 1, -1, 0, -1, -1, 1, 1, -1]",-1,71,44,15
131,"[1, -1, 1, -1, 1, 1, -1, 1, -1]",,71,44,16
132,"[0, -1, 1, -1, -1, 0, 1, 1, 1]",1,72,44,16
133,"[1, -1, 1, -1, 1, -1, 1, 1, -1]",1,73,44,16
134,"[1, 0, -1, 1, 1, 0, 1, -1, -1]",1,74,44,16
135,"[1, -1, -1, 1, -1, -1, 1, 1, 1]",1,75,44,16
136,"[0, 1, -1, 1, -1, -1, -1, 1, 1]",-1,75,45,16
137,"[0, 0, -1, 1, -1, 1, -1, 0, 1]",-1,75,46,16
138,"[1, -1, 1, 0, 1, 1, -1, -1, -1]",-1,75,47,16
139,"[1, -1, -1, 1, 1, 1, 1, -1, -1]",1,76,47,16
140,"[-1, 1, 1, 1, -1, 1, -1, -1, 1]",1,77,47,16
141,"[-1, -1, -1, 1, 0, 0, 1, 1, 0]",-1,77,48,16
142,"[-1, 1, 0, 1, -1, 1, -1, 1, -1]",-1,77,49,16
143,"[1, 0, 0, -1, 1, 0, 0, -1, 1]",1,78,49,16
144,"[1, 1, -1, -1, -1, 1, 1, 1, -1]",,78,49,17
145,"[1, -1, 1, -1, 1, -1, 1, -1, 1]",1,79,49,17
146,"[0, 1, 1, 0, 0, 1, -1, -1, -1]",-1,79,50,17
147,"[1, 0, 0, -1, 1, -1, -1, 1, 1]",1,80,50,17
148,"[-1, 1, 1, 1, 1, -1, 1, -1, -1]",1,81,50,17
149,"[-1, 0, -1, 1, 1, -1, 1, 1, -1]",-1,81,51,17
150,"[0, -1, 1, 1, 1, 1, 0, -1, -1]",1,82,51,17
151,"[1, -1, 0, -1, 1, 1, 0, -1, 1]",1,83,51,17
152,"[-1, 0, 1, -1, 1, -1, -1, 1, 1]",-1,83,52,17
153,"[-1, 1, -1, 1, 1, -1, 0, 1, 0]",1,84,52,17
154,"[1, -1, -1, -1, 1, 1, -1, 1, 1]",1,85,52,17
155,"[-1, 0, -1, 1, -1, 1, -1, 1, 1]",-1,85,53,17
156,"[-1, 0, 1, 1, -1, 1, -1, 1, -1]",-1,85,54,17
157,"[1, 1, -1, 1, -1, -1, 1, -1, 1]",1,86,54,17
158,"[-1, 1, -1, -1, 1, 0, 1, 1, 0]",1,87,54,17
159,"[1, 1, 1, 1, -1, -1, -1, 1, -1]",1,88,54,17
160,"[-1, 0, 0, 1, 1, 1, -1, 1, -1]",1,89,54,17
161,"[1, -1, 1, 1, -1, -1, 1, 1, -1]",1,90,54,17
162,"[1, -1, 1, -1, 1, 0, -1, 0, 1]",1,91,54,17
163,"[-1, 0, 0, 0, -1, 1, 1, 1, -1]",-1,91,55,17
164,"[1, 0, -1, 1, 0, -1, 1, -1, 1]",1,92,55,17
165,"[1, 1, 1, -1, -1, 0, 0, -1, 1]",1,93,55,17
166,"[-1, -1, 1, -1, 1, 1, 0, 0, 1]",1,94,55,17
167,"[0, 1, -1, 1, 1, 1, -1, 0, -1]",1,95,55,17
168,"[0, -1, 0, 1, -1, 1, 1, -1, 0]",-1,95,56,17
169,"[0, -1, 0, 1, -1, 0, 1, -1, 1]",-1,95,57,17
170,"[-1, -1, -1, 1, -1, 1, 0, 1, 1]",-1,95,58,17
171,"[-1, 1, 1, 1, -1, -1, 1, -1, 1]",,95,58,18
172,"[-1, 1, 1, 1, 1, 0, -1, -1, -1]",-1,95,59,18
173,"[1, -1, 1, -1, 1, 1, -1, 1, -1]",,95,59,19
174,"[-1, 1, 1, 1, 1, -1, 1, -1, -1]",1,96,59,19
175,"[1, 0, 0, -1, 1, 0, 0, -1, 1]",1,97,59,19
176,"[-1, 1, 1, 1, 1, -1, 1, -1, -1]",1,98,59,19
177,"[-1, 0, -1, 0, 0, 0, 1, 1, 1]",1,99,59,19
178,"[1, -1, 1, 1, -1, -1, -1, 1, 1]",,99,59,20
179,"[0, 1, 1, -1, 1, -1, 0, 1, -1]",1,100,59,20
180,"[1, 1, -1, -1, 1, 1, -1, -1, 1]",1,101,59,20
181,"[-1, 0, 1, 0, 1, 1, 1, -1, -1]",1,102,59,20
182,"[0, -1, 0, 1, -1, 1, 1, -1, 0]",-1,102,60,20
183,"[1, -1, -1, 1, -1, 1, 1, 1, -1]",1,103,60,20
184,"[-1, 1, -1, -1, 1, 1, 1, -1, 1]",,103,60,21
185,"[0, -1, -1, 1, 1, 1, 1, 0, -1]",1,104,60,21
186,"[-1, 0, 1, -1, 1, -1, -1, 1, 1]",-1,104,61,21
187,"[-1, 1, -1, 1, -1, 1, -1, 0, 1]",-1,104,62,21
188,"[-1, 0, -1, 1, 1, -1, 1, 1, -1]",-1,104,63,21
189,"[1, -1, 1, 1, -1, -1, -1, 1, 1]",,104,63,22
190,"[1, 1, -1, 1, 0, -1, -1, 1, -1]",-1,104,64,22
191,"[1, 1, 1, -1, -1, 1, -1, -1, 1]",1,105,64,22
192,"[1, -1, 1, 1, -1, 1, 0, -1, -1]",-1,105,65,22
193,"[-1, 1, -1, 0, 0, -1, 1, 1, 1]",1,106,65,22
194,"[-1, 1, 1, -1, 1, 0, 0, 1, -1]",1,107,65,22
195,"[1, -1, 1, 1, 1, -1, -1, 1, -1]",,107,65,23
196,"[1, 1, 1, 1, -1, -1, -1, -1, 1]",1,108,65,23
197,"[1, 1, -1, 1, -1, 0, -1, 1, -1]",-1,108,66,23
198,"[-1, 1, -1, -1, 1, -1, 1, 1, 1]",1,109,66,23
199,"[1, -1, -1, 1, 1, 1, -1, 1, -1]",1,110,66,23
200,"[-1, 1, 1, 0, 1, -1, 1, 0, -1]",1,111,66,23
201,"[1, -1, 1, 1, -1, -1, -1, 1, 1]",,111,66,24
202,"[-1, -1, 1, 1, -1, 1, -1, 1, 1]",1,112,66,24
203,"[0, 1, 1, 1, -1, 1, -1, -1, -1]",-1,112,67,24
204,"[-1, 1, 1, 1, -1, -1, 1, -1, 1]",,112,67,25
205,"[-1, -1, -1, 1, 1, -1, 0, 1, 1]",-1,112,68,25
206,"[-1, 1, -1, 1, 1, -1, 1, -1, 1]",,112,68,26
207,"[1, 0, 1, -1, -1, 1, -1, 0, 1]",1,113,68,26
208,"[1, 1, 1, -1, 1, -1, -1, 0, 0]",1,114,68,26
209,"[1, 1, -1, 1, -1, -1, 0, 1, -1]",-1,114,69,26
210,"[1, -1, -1, 1, 1, -1, 1, 0, 0]",1,115,69,26
211,"[1, 1, -1, 1, -1, -1, 1, -1, 1]",1,116,69,26
212,"[0, 1, 0, 1, 0, 1, -1, -1, -1]",-1,116,70,26
213,"[-1, 1, -1, -1, 1, 0, 1, 1, 0]",1,117,70,26
214,"[-1, 1, 1, 1, -1, -1, -1, 1, 1]",,117,70,27
215,"[0, 0, 1, 0, 1, -1, 1, -1, 0]",1,118,70,27
216,"[-1, 1, -1, 1, 1, -1, -1, 1, 1]",1,119,70,27
217,"[-1, 1, 1, 1, -1, 1, -1, -1, 1]",1,120,70,27
218,"[-1, 0, -1, -1, 1, 0, 1, 1, 1]",1,121,70,27
219,"[1, 0, 1, -1, -1, -1, 1, 1, -1]",-1,121,71,27
220,"[1, -1, 1, 1, -1, 1, 0, -1, -1]",-1,121,72,27
221,"[1, 1, 1, -1, 0, 1, -1, 0, -1]",1,122,72,27
222,"[1, 1, -1, 1, 1, 0, -1, -1, -1]",-1,122,73,27
223,"[-1, 1, 1, 0, -1, 0, 0, 1, -1]",-1,122,74,27
224,"[1, -1, 0, 1, 0, 0, 1, -1, 0]",1,123,74,27
225,"[-1, 1, 1, 0, 1, -1, 1, 0, -1]",1,124,74,27
226,"[0, 0, 1, 0, 1, 0, 1, -1, -1]",1,125,74,27
227,"[0, -1, -1, 1, -1, 0, 1, 1, 1]",1,126,74,27
228,"[1, 1, 1, 1, -1, -1, -1, -1, 1]",1,127,74,27
229,"[0, 0, 1, -1, 1, 0, 1, 0, -1]",1,128,74,27
230,"[1, 1, 0, -1, 1, 0, -1, 1, -1]",1,129,74,27
231,"[1, -1, -1, 1, 1, 1, -1, 1, -1]",1,130,74,27
232,"[1, 1, -1, 1, -1, -1, 1, -1, 1]",1,131,74,27
233,"[0, -1, -1, 1, 1, 1, 0, -1, 1]",1,132,74,27
234,"[1, -1, 1, 1, -1, 1, -1, 1, -1]",,132,74,28
235,"[1, 1, -1, -1, 1, 1, -1, 1, -1]",1,133,74,28
236,"[-1, 0, -1, 1, 1, 1, -1, 1, 0]",1,134,74,28
237,"[1, 0, 0, -1, -1, -1, 1, 1, 0]",-1,134,75,28
238,"[1, -1, 0, 1, -1, -1, 1, 0, 1]",1,135,75,28
239,"[-1, -1, 1, 1, 1, 1, -1, 1, -1]",1,136,75,28
240,"[1, 1, -1, -1, 1, -1, 1, -1, 1]",1,137,75,28
241,"[-1, 1, -1, 1, -1, 1, 1, -1, 1]",,137,75,29
242,"[0, 0, 1, -1, 1, -1, 1, 0, 0]",1,138,75,29
243,"[-1, -1, 1, -1, 1, 0, -1, 1, 1]",-1,138,76,29
244,"[1, 1, -1, -1, -1, 1, 1, -1, 1]",,138,76,30
245,"[1, -1, -1, 1, -1, 1, 0, -1, 1]",-1,138,77,30
246,"[-1, 1, 1, 0, 1, -1, 0, 1, -1]",1,139,77,30
247,"[1, 1, 0, -1, 1, -1, -1, 0, 1]",1,140,77,30
248,"[-1, 1, 0, 1, -1, -1, 1, 1, -1]",-1,140,78,30
249,"[1, 1, 1, 1, -1, -1, -1, 1, -1]",1,141,78,30
250,"[1, -1, 0, 1, 0, 0, 1, 0, -1]",1,142,78,30
251,"[1, 0, -1, 0, -1, 1, -1, 0, 1]",-1,142,79,30
252,"[0, 0, -1, 1, 1, 1, -1, 0, 0]",1,143,79,30
253,"[1, -1, -1, 1, 1, -1, 0, 1, -1]",-1,143,80,30
254,"[1, -1, 1, -1, 1, -1, 1, 1, -1]",1,144,80,30
255,"[-1, 1, 1, 1, -1, -1, 1, -1, 1]",,144,80,31
256,"[0, 0, 1, -1, -1, -1, 1, 1, 0]",-1,144,81,31
257,"[-1, 0, 1, 1, 1, -1, 1, -1, 0]",1,145,81,31
258,"[1, 1, 0, -1, 1, 0, -1, -1, 1]",1,146,81,31
259,"[-1, 1, 1, 1, -1, 0, -1, 1, -1]",-1,146,82,31
260,"[1, 0, -1, 1, -1, -1, 1, 1, 0]",1,147,82,31
261,"[0, 1, 1, -1, -1, -1, 1, 1, -1]",-1,147,83,31
262,"[1, -1, 1, 0, -1, 1, 1, -1, -1]",-1,147,84,31
263,"[-1, -1, 0, 1, -1, 1, 1, 1, -1]",-1,147,85,31
264,"[1, 0, -1, 1, 1, 0, 1, -1, -1]",1,148,85,31
265,"[1, -1, 1, 1, -1, -1, 1, 1, -1]",1,149,85,31
266,"[0, 0, -1, -1, 0, 0, 1, 1, 1]",1,150,85,31
267,"[-1, -1, -1, 1, 1, -1, 1, 0, 1]",-1,150,86,31
268,"[-1, -1, 1, -1, 1, 1, 1, -1, 1]",1,151,86,31
269,"[1, -1, -1, 1, 1, -1, 0, 0, 1]",1,152,86,31
270,"[-1, -1, 1, -1, 1, 1, 1, 1, -1]",1,153,86,31
271,"[0, -1, 1, 0, 0, 1, -1, 0, 1]",1,154,86,31
272,"[-1, -1, 1, -1, 1, -1, 1, 1, 1]",1,155,86,31
273,"[-1, 1, -1, -1, 1, 1, 1, -1, 1]",,155,86,32
274,"[1, 0, -1, 1, 0, 0, 1, -1, 0]",1,156,86,32
275,"[-1, 1, 1, 1, 1, -1, -1, 1, -1]",1,157,86,32
276,"[1, -1, -1, 1, -1, -1, 1, 1, 1]",1,158,86,32
277,"[0, -1, 0, 1, -1, 1, 0, -1, 1]",-1,158,87,32
278,"[-1, 0, 1, -1, 1, 1, -1, 0, 0]",-1,158,88,32
279,"[-1, -1, 1, 1, -1, 1, -1, 1, 1]",1,159,88,32
280,"[1, -1, 0, 1, -1, -1, 1, 0, 1]",1,160,88,32
281,"[1, 0, 0, -1, 1, 1, -1, -1, 1]",1,161,88,32
282,"[-1, 1, -1, 0, 1, -1, 0, 1, 1]",1,162,88,32
283,"[-1, 1, 1, 1, -1, -1, -1, 1, 1]",,162,88,33
284,"[0, -1, 1, 0, 1, 1, -1, -1, 1]",1,163,88,33
285,"[1, -1, 1, 1, -1, -1, -1, 1, 1]",,163,88,34
286,"[0, 1, -1, 1, -1, -1, -1, 1, 1]",-1,163,89,34
287,"[-1, 1, -1, 0, 1, 0, 0, 1, 0]",1,164,89,34
288,"[1, -1, -1, 1, -1, 1, 0, -1, 1]",-1,164,90,34
289,"[1, 1, -1, 0, 1, -1, 0, 0, -1]",-1,164,91,34
290,"[1, 0, 1, -1, -1, -1, 0, 1, 0]",-1,164,92,34
291,"[-1, -1, 1, 0, 1, 1, 1, 0, -1]",1,165,92,34
292,"[-1, 0, 1, 1, 1, 1, -1, 0, -1]",1,166,92,34
293,"[0, 1, -1, 0, -1, -1, 1, 1, 1]",1,167,92,34
294,"[1, -1, 1, -1, 1, 1, 1, -1, -1]",1,168,92,34
295,"[1, 1, -1, 1, -1, 1, 1, -1, -1]",1,169,92,34
296,"[-1, 1, 0, 1, -1, 0, 0, 1, -1]",-1,169,93,34
297,"[1, 0, 1, 1, 1, -1, -1, -1, -1]",-1,169,94,34
298,"[-1, 1, -1, 0, -1, 1, 1, 1, -1]",-1,169,95,34
299,"[1, -1, 1, 1, -1, 1, -1, 1, -1]",,169,95,35
300,"[0, 0, -1, 0, 0, -1, 1, 1, 1]",1,170,95,35
301,"[1, -1, -1, -1, -1, 1, 1, 1, 1]",1,171,95,35
302,"[-1, 1, 1, -1, 1, 0, -1, -1, 1]",-1,171,96,35
303,"[1, -1, 1, -1, 0, 1, 0, -1, 1]",1,172,96,35
304,"[-1, -1, 0, 1, 1, 1, 1, -1, 0]",1,173,96,35
305,"[-1, 1, 1, -1, 1, 1, -1, -1, 0]",-1,173,97,35
306,"[-1, 1, 1, 1, 0, 1, -1, -1, -1]",-1,173,98,35
307,"[-1, -1, 1, 1, 1, 1, -1, 1, -1]",1,174,98,35
308,"[-1, -1, 0, -1, 1, 1, -1, 1, 1]",-1,174,99,35
309,"[0, 1, 0, 0, 1, -1, 0, 1, -1]",1,175,99,35
310,"[-1, -1, 1, -1, 1, 1, 1, 1, -1]",1,176,99,35
311,"[1, 1, -1, -1, 1, 0, -1, 0, 1]",1,177,99,35
312,"[-1, 0, 0, 0, 0, -1, 1, 1, 1]",1,178,99,35
313,"[1, -1, -1, 1, 1, 1, -1, -1, 1]",1,179,99,35
314,"[1, -1, 1, 1, -1, 1, 0, -1, -1]",-1,179,100,35
315,"[-1, 1, 1, 1, -1, 1, 0, -1, -1]",-1,179,101,35
316,"[0, 0, 0, 1, 1, 1, 0, -1, -1]",1,180,101,35
317,"[0, 1, -1, -1, 1, -1, 1, 1, 0]",1,181,101,35
318,"[1, -1, 0, -1, 1, 0, 0, 0, 1]",1,182,101,35
319,"[-1, 1, 1, 1, -1, -1, -1, 1, 1]",,182,101,36
320,"[1, 1, 1, 0, 0, 0, 0, -1, -1]",1,183,101,36
321,"[-1, -1, 1, 1, -1, -1, 1, 1, 1]",1,184,101,36
322,"[1, -1, -1, 1, -1, 1, 1, 1, -1]",1,185,101,36
323,"[1, -1, -1, -1, 1, -1, 1, 1, 1]",1,186,101,36
324,"[1, -1, 0, 1, -1, -1, 1, 1, 0]",1,187,101,36
325,"[1, 1, -1, -1, -1, 1, 1, -1, 1]",,187,101,37
326,"[1, 1, 1, 0, -1, 1, -1, 0, -1]",1,188,101,37
327,"[1, -1, 1, -1, 1, 1, 1, -1, -1]",1,189,101,37
328,"[1, 1, 1, -1, 0, 1, -1, 0, -1]",1,190,101,37
329,"[-1, 1, -1, 1, -1, 1, -1, 1, 0]",-1,190,102,37
330,"[1, -1, 1, 1, 0, 1, -1, -1, -1]",-1,190,103,37
331,"[1, 1, 1, 1, -1, -1, 1, -1, -1]",1,191,103,37
332,"[1, -1, 1, 1, -1, 0, -1, -1, 1]",-1,191,104,37
333,"[1, 0, -1, 0, 1, -1, 1, -1, 1]",1,192,104,37
334,"[1, -1, 1, -1, 1, -1, 0, 0, 1]",1,193,104,37
335,"[1, -1, 1, 1, 1, -1, 1, -1, -1]",1,194,104,37
336,"[1, -1, 0, 1, 1, 0, 1, -1, -1]",1,195,104,37
337,"[1, 1, -1, 0, 1, 0, -1, 1, -1]",1,196,104,37
338,"[1, 1, -1, 0, -1, 1, -1, 1, -1]",-1,196,105,37
339,"[1, 1, -1, 1, -1, 1, -1, 0, -1]",-1,196,106,37
340,"[-1, -1, 1, -1, 1, 0, 1, 0, 1]",1,197,106,37
341,"[-1, 1, -1, 1, -1, 1, 1, 0, -1]",-1,197,107,37
342,"[1, 1, -1, -1, -1, 1, 1, 1, -1]",,197,107,38
343,"[1, -1, 1, -1, 1, -1, 1, 1, -1]",1,198,107,38
344,"[1, 0, 1, -1, 1, 0, -1, -1, 1]",1,199,107,38
345,"[-1, 1, -1, 1, 1, 1, -1, -1, 1]",1,200,107,38
346,"[0, 0, 1, 0, -1, 1, 0, -1, 1]",1,201,107,38
347,"[1, 1, 0, -1, -1, -1, 1, -1, 1]",-1,201,108,38
348,"[-1, 1, 1, 1, -1, -1, 1, -1, 1]",,201,108,39
349,"[-1, -1, 1, 0, 1, 0, 1, 0, 0]",1,202,108,39
350,"[1, 1, -1, -1, -1, -1, 0, 1, 1]",-1,202,109,39
351,"[0, -1, 1, -1, 0, 1, -1, 1, 1]",1,203,109,39
352,"[0, 1, -1, -1, 1, 0, -1, 1, 1]",1,204,109,39
353,"[1, 1, -1, 0, -1, -1, 1, 1, -1]",-1,204,110,39
354,"[1, 1, 0, -1, 1, 0, -1, -1, 1]",1,205,110,39
355,"[1, 0, -1, -1, 1, -1, 1, 0, 1]",1,206,110,39
356,"[1, -1, 1, -1, -1, 1, 1, 1, -1]",,206,110,40
357,"[-1, 1, -1, 1, 1, 1, 1, -1, -1]",1,207,110,40
358,"[1, -1, 1, 1, -1, -1, 1, 1, -1]",1,208,110,40
359,"[0, -1, 1, -1, 0, 1, 0, 0, 1]",1,209,110,40
360,"[0, 0, 0, 1, 1, 1, 0, -1, -1]",1,210,110,40
361,"[-1, 1, 1, -1, 1, -1, 0, 1, 0]",1,211,110,40
362,"[1, -1, 1, -1, -1, 1, 0, 0, 1]",1,212,110,40
363,"[-1, 1, -1, -1, -1, 1, 1, 1, 1]",1,213,110,40
364,"[0, 1, 1, -1, -1, -1, -1, 1, 1]",-1,213,111,40
365,"[1, -1, 0, 0, -1, 1, 0, -1, 1]",-1,213,112,40
366,"[-1, 1, 1, -1, 1, 1, -1, -1, 0]",-1,213,113,40
367,"[-1, 1, -1, -1, 1, 1, 1, 1, -1]",1,214,113,40
368,"[1, 1, 0, -1, -1, -1, 1, 1, -1]",-1,214,114,40
369,"[-1, 1, 0, 0, 1, 0, 0, 1, -1]",1,215,114,40
370,"[1, -1, 1, -1, -1, -1, 0, 1, 1]",-1,215,115,40
371,"[1, 1, 1, -1, -1, 1, -1, 0, 0]",1,216,115,40
372,"[-1, 1, 1, 1, -1, 0, -1, 1, -1]",-1,216,116,40
373,"[1, 1, -1, 0, -1, -1, -1, 1, 1]",-1,216,117,40
374,"[-1, 1, -1, -1, 1, 1, 1, -1, 1]",,216,117,41
375,"[-1, 1, 1, 1, -1, 1, -1, -1, 1]",1,217,117,41
376,"[1, -1, 1, 1, 1, -1, -1, 1, -1]",,217,117,42
377,"[-1, -1, -1, 0, 1, 1, 0, 0, 1]",-1,217,118,42
378,"[-1, 1, 1, -1, 1, 1, 1, -1, -1]",1,218,118,42
379,"[1, -1, -1, 1, -1, 1, 1, 1, -1]",1,219,118,42
380,"[1, -1, -1, -1, -1, 1, 1, 1, 1]",1,220,118,42
381,"[-1, -1, 1, -1, 1, 1, 1, 1, -1]",1,221,118,42
382,"[1, -1, -1, 1, -1, 1, 1, 1, -1]",1,222,118,42
383,"[-1, 1, 1, 1, -1, 1, -1, -1, 1]",1,223,118,42
384,"[1, -1, -1, 1, 1, 1, -1, 1, -1]",1,224,118,42
385,"[-1, 1, 1, 1, -1, -1, 1, -1, 1]",,224,118,43
386,"[1, 1, -1, 0, -1, 0, -1, 0, 1]",-1,224,119,43
387,"[1, -1, 1, -1, 1, -1, 1, 0, 0]",1,225,119,43
388,"[1, -1, 1, 1, -1, 1, -1, 1, -1]",,225,119,44
389,"[0, 1, 1, -1, 1, 0, -1, 1, -1]",1,226,119,44
390,"[-1, 1, -1, 0, 1, -1, 0, 1, 1]",1,227,119,44
391,"[1, 1, -1, 1, 1, -1, -1, -1, 1]",1,228,119,44
392,"[1, 1, -1, 1, -1, 0, 1, 0, -1]",1,229,119,44
393,"[1, 1, 0, 0, 1, -1, -1, 1, -1]",1,230,119,44
394,"[0, -1, 1, 1, -1, 1, 1, -1, -1]",-1,230,120,44
395,"[-1, 0, -1, 1, -1, 0, 1, 1, 1]",1,231,120,44
396,"[-1, 1, 0, 0, -1, 1, 0, 1, -1]",-1,231,121,44
397,"[1, -1, 1, 1, -1, -1, -1, 1, 1]",,231,121,45
398,"[1, -1, 1, 1, 1, -1, -1, 1, -1]",,231,121,46
399,"[1, 1, -1, 1, -1, -1, -1, 1, 0]",-1,231,122,46
400,"[1, -1, 1, 0, 1, -1, 1, -1, 0]",1,232,122,46
401,"[-1, 1, 1, 1, -1, -1, -1, 1, 1]",,232,122,47
402,"[-1, -1, 1, -1, 1, 1, 1, 1, -1]",1,233,122,47
403,"[-1, 1, 1, -1, 1, -1, 1, -1, 1]",1,234,122,47
404,"[0, -1, 1, 1, 1, 0, 1, -1, -1]",1,235,122,47
405,"[-1, 0, 1, 1, -1, 1, -1, 1, -1]",-1,235,123,47
406,"[-1, 0, 1, 1, -1, 1, -1, 1, -1]",-1,235,124,47
407,"[-1, -1, 1, 1, 1, 1, -1, 1, -1]",1,236,124,47
408,"[1, -1, 0, 1, 1, -1, -1, 0, 1]",1,237,124,47
409,"[0, 1, 1, -1, -1, -1, 1, -1, 1]",-1,237,125,47
410,"[1, 0, -1, 1, -1, 1, -1, -1, 1]",-1,237,126,47
411,"[-1, -1, -1, 1, 1, -1, 1, 1, 0]",-1,237,127,47
412,"[-1, 1, 1, 1, -1, 1, -1, 0, -1]",-1,237,128,47
413,"[-1, 1, 1, 1, -1, -1, 0, 1, -1]",-1,237,129,47
414,"[1, 1, -1, 1, 1, -1, -1, -1, 1]",1,238,129,47
415,"[-1, -1, 1, 1, -1, -1, 1, 1, 1]",1,239,129,47
416,"[1, 0, 0, -1, -1, -1, 1, 1, 0]",-1,239,130,47
417,"[1, -1, 0, 1, 1, -1, 0, -1, 1]",1,240,130,47
418,"[-1, 1, 1, 1, 1, -1, -1, -1, 1]",,240,130,48
419,"[1, 0, -1, 0, 1, 0, -1, 0, 1]",1,241,130,48
420,"[1, -1, 0, 1, -1, -1, 1, 0, 1]",1,242,130,48
421,"[1, -1, 1, -1, -1, 1, -1, 1, 1]",1,243,130,48
422,"[-1, -1, -1, 1, 1, 0, -1, 1, 1]",-1,243,131,48
423,"[1, -1, 1, -1, -1, 1, 1, 1, -1]",,243,131,49
424,"[-1, -1, -1, 1, 0, 1, 1, 1, -1]",-1,243,132,49
425,"[0, -1, 1, -1, -1, 1, 0, 1, 1]",1,244,132,49
426,"[1, 0, -1, 0, 1, 0, 0, -1, 1]",1,245,132,49
427,"[-1, 1, -1, 0, 1, -1, 0, 1, 1]",1,246,132,49
428,"[1, 1, -1, -1, -1, -1, 0, 1, 1]",-1,246,133,49
429,"[1, -1, 1, -1, 1, -1, -1, 1, 1]",1,247,133,49
430,"[-1, 1, -1, -1, 1, 1, 1, -1, 1]",,247,133,50
431,"[-1, 0, 0, 1, 1, 1, 0, -1, 0]",1,248,133,50
432,"[-1, 1, -1, 1, 1, -1, 1, -1, 1]",,248,133,51
433,"[1, 1, -1, -1, -1, 1, 1, 1, -1]",,248,133,52
434,"[1, -1, -1, 1, -1, 1, 1, 1, -1]",1,249,133,52
435,"[-1, 1, -1, 1, -1, 1, 1, -1, 1]",,249,133,53
436,"[-1, -1, -1, 1, 1, -1, 1, 1, 0]",-1,249,134,53
437,"[1, 1, -1, -1, 1, -1, -1, 1, 1]",1,250,134,53
438,"[-1, 1, -1, 0, 1, 1, 0, 1, -1]",1,251,134,53
439,"[1, 1, 1, -1, -1, 1, -1, -1, 1]",1,252,134,53
440,"[1, 1, 1, -1, -1, 1, -1, 1, -1]",1,253,134,53
441,"[1, -1, 0, 1, -1, -1, 1, 0, 1]",1,254,134,53
442,"[-1, 1, 1, 1, -1, -1, -1, 1, 1]",,254,134,54
443,"[0, 0, -1, 0, -1, 1, -1, 1, 1]",-1,254,135,54
444,"[1, -1, 1, -1, -1, 1, -1, 1, 1]",1,255,135,54
445,"[1, 1, 0, -1, 1, -1, -1, 0, 1]",1,256,135,54
446,"[0, -1, -1, 1, -1, 1, 1, -1, 1]",-1,256,136,54
447,"[1, 1, 1, 1, -1, -1, 0, -1, 0]",1,257,136,54
448,"[0, 1, 1, -1, -1, -1, 1, -1, 1]",-1,257,137,54
449,"[1, -1, 1, 1, 1, -1, -1, 1, -1]",,257,137,55
450,"[1, 1, 1, 1, -1, -1, -1, 1, -1]",1,258,137,55
451,"[0, 1, -1, 0, 1, -1, 1, 0, -1]",-1,258,138,55
452,"[1, 1, 1, -1, 1, -1, -1, 1, -1]",1,259,138,55
453,"[1, -1, 0, 1, 1, -1, -1, 0, 1]",1,260,138,55
454,"[0, 0, -1, -1, 0, 0, 1, 1, 1]",1,261,138,55
455,"[-1, 1, 1, -1, -1, 0, -1, 1, 1]",-1,261,139,55
456,"[-1, 0, 1, 1, -1, 1, 0, -1, 1]",1,262,139,55
457,"[1, 1, 0, 1, -1, -1, 1, -1, 0]",1,263,139,55
458,"[-1, -1, 1, -1, 0, 1, 0, 1, 1]",1,264,139,55
459,"[1, 1, -1, -1, 1, -1, 1, -1, 1]",1,265,139,55
460,"[1, -1, 0, 0, 1, -1, 1, -1, 1]",1,266,139,55
461,"[1, 1, 1, -1, -1, 1, -1, -1, 1]",1,267,139,55
462,"[-1, -1, 0, 1, -1, 0, 1, 1, 1]",1,268,139,55
463,"[-1, 0, 1, -1, -1, 1, 1, 1, -1]",-1,268,140,55
464,"[1, -1, -1, -1, 1, 1, 1, -1, 1]",1,269,140,55
465,"[-1, 0, 0, 1, 1, 1, -1, 1, -1]",1,270,140,55
466,"[-1, -1, 1, -1, 1, 1, 1, 1, -1]",1,271,140,55
467,"[1, 1, 0, -1, -1, -1, 1, 1, -1]",-1,271,141,55
468,"[1, 1, -1, -1, -1, 1, -1, 1, 0]",-1,271,142,55
469,"[1, -1, 1, -1, 1, 1, -1, 1, -1]",,271,142,56
470,"[-1, 1, 1, -1, -1, 1, 1, -1, 1]",1,272,142,56
471,"[1, -1, 1, 1, -1, -1, 1, 1, -1]",1,273,142,56
472,"[0, 1, 0, 1, 1, -1, -1, 1, -1]",1,274,142,56
473,"[1, 0, -1, 1, 1, 1, 0, -1, -1]",1,275,142,56
474,"[1, 1, -1, -1, 1, 1, -1, -1, 1]",1,276,142,56
475,"[-1, 1, 1, 1, 1, -1, 1, -1, -1]",1,277,142,56
476,"[1, 1, -1, 1, 1, -1, -1, -1, 1]",1,278,142,56
477,"[1, 0, 1, -1, -1, -1, 0, 1, 0]",-1,278,143,56
478,"[1, 1, -1, 1, 1, -1, -1, -1, 1]",1,279,143,56
479,"[-1, 1, 1, -1, -1, -1, 1, 0, 1]",-1,279,144,56
480,"[1, -1, 1, -1, -1, 1, 1, 1, -1]",,279,144,57
481,"[1, 1, -1, 0, 1, -1, 0, 0, -1]",-1,279,145,57
482,"[-1, -1, 1, 1, -1, 0, 1, 1, -1]",-1,279,146,57
483,"[1, -1, -1, 1, 1, -1, -1, 1, 1]",1,280,146,57
484,"[0, -1, 1, -1, 1, -1, 1, 1, 0]",1,281,146,57
485,"[0, 0, 0, 1, 1, 1, -1, -1, 0]",1,282,146,57
486,"[1, 0, 0, 1, -1, 0, 1, 0, -1]",1,283,146,57
487,"[1, 1, -1, 0, -1, 1, -1, 0, 0]",-1,283,147,57
488,"[-1, 0, 1, 1, 1, 1, -1, 0, -1]",1,284,147,57
489,"[-1, 1, 1, 0, -1, 1, 0, -1, 1]",1,285,147,57
490,"[-1, -1, -1, 0, 1, 1, 0, 0, 1]",-1,285,148,57
491,"[-1, 1, 0, 1, -1, 0, 0, 1, -1]",-1,285,149,57
492,"[0, 1, 1, 1, 0, 0, -1, -1, -1]",-1,285,150,57
493,"[-1, 1, 0, -1, -1, 1, -1, 1, 1]",-1,285,151,57
494,"[0, -1, 0, 1, 1, 1, -1, 1, -1]",1,286,151,57
495,"[-1, -1, -1, 1, 0, 0, 1, 1, 0]",-1,286,152,57
496,"[-1, 1, 1, -1, -1, 1, 0, 1, -1]",-1,286,153,57
497,"[1, -1, 1, 1, -1, -1, 1, 1, -1]",1,287,153,57
498,"[1, -1, -1, 1, -1, 0, 1, 1, 0]",1,288,153,57
499,"[1, 1, 1, 0, 0, -1, 1, -1, -1]",1,289,153,57
500,"[-1, 1, -1, 1, 1, 1, 1, -1, -1]",1,290,153,57
501,"[1, 1, 1, 1, -1, -1, 1, -1, -1]",1,291,153,57
502,"[-1, 1, -1, 1, 1, 1, -1, -1, 1]",1,292,153,57
503,"[-1, 0, 1, -1, 1, -1, 1, 1, 0]",1,293,153,57
504,"[-1, 1, 1, -1, -1, 1, 1, -1, 1]",1,294,153,57
505,"[1, -1, -1, 0, 1, -1, 1, 0, 1]",1,295,153,57
506,"[1, 0, 0, 1, 1, -1, -1, -1, 1]",1,296,153,57
507,"[-1, 0, 1, 0, 1, -1, 1, 1, -1]",1,297,153,57
508,"[0, 1, -1, 0, -1, 1, -1, 1, 0]",-1,297,154,57
509,"[-1, 1, -1, 1, -1, 1, -1, 0, 1]",-1,297,155,57
510,"[-1, 1, 1, 1, 1, 0, -1, -1, -1]",-1,297,156,57
511,"[-1, -1, 1, 1, -1, 0, 1, -1, 1]",-1,297,157,57
512,"[0, -1, 1, -1, 0, 1, 0, 0, 1]",1,298,157,57
513,"[0, -1, 0, 1, -1, 1, 0, -1, 1]",-1,298,158,57
514,"[1, -1, 1, -1, -1, 1, 1, 1, -1]",,298,158,58
515,"[1, 0, -1, 1, 0, -1, 1, 0, 0]",1,299,158,58
516,"[-1, 0, 1, 1, -1, -1, 1, 1, -1]",-1,299,159,58
517,"[1, -1, -1, -1, -1, 1, 1, 1, 1]",1,300,159,58
518,"[1, -1, -1, 0, 0, -1, 1, 1, 1]",1,301,159,58
519,"[1, -1, 1, -1, 1, -1, -1, 1, 1]",1,302,159,58
520,"[1, 1, 1, 0, -1, -1, 0, -1, 1]",1,303,159,58
521,"[1, 1, -1, -1, -1, 0, -1, 1, 1]",-1,303,160,58
522,"[-1, 0, 1, 1, 0, 1, -1, -1, 1]",1,304,160,58
523,"[1, 1, 0, -1, -1, -1, 0, 1, 0]",-1,304,161,58
524,"[1, -1, 1, -1, -1, 1, 1, 1, -1]",,304,161,59
525,"[1, -1, 0, 0, 1, 0, -1, 0, 1]",1,305,161,59
526,"[1, 1, -1, 1, -1, -1, -1, 1, 0]",-1,305,162,59
527,"[-1, -1, 1, 1, -1, 1, -1, 1, 1]",1,306,162,59
528,"[1, -1, 1, -1, 1, -1, 1, -1, 1]",1,307,162,59
529,"[1, -1, -1, 1, 1, 1, -1, -1, 1]",1,308,162,59
530,"[-1, -1, 0, 0, 1, -1, 1, 1, 1]",1,309,162,59
531,"[-1, 1, 1, -1, 0, -1, -1, 1, 1]",-1,309,163,59
532,"[-1, 1, 0, 1, -1, 1, 1, -1, -1]",-1,309,164,59
533,"[-1, -1, 1, 0, 1, -1, 1, 1, 0]",1,310,164,59
534,"[-1, -1, -1, 0, 1, 1, -1, 1, 1]",-1,310,165,59
535,"[1, -1, -1, -1, 1, 1, 1, 1, -1]",,310,165,60
536,"[0, 1, -1, -1, 0, -1, 1, 1, 1]",1,311,165,60
537,"[1, 0, 0, 1, 1, -1, -1, -1, 1]",1,312,165,60
538,"[1, -1, 1, -1, 1, -1, -1, 1, 1]",1,313,165,60
539,"[0, 0, -1, 1, -1, 0, -1, 1, 1]",-1,313,166,60
540,"[-1, 0, -1, 1, 1, 1, -1, 0, 1]",1,314,166,60
541,"[1, -1, 1, 1, -1, -1, -1, 1, 1]",,314,166,61
542,"[-1, 1, 1, 1, -1, -1, -1, 1, 1]",,314,166,62
543,"[0, 1, -1, 1, -1, 1, -1, 1, -1]",-1,314,167,62
544,"[1, 1, -1, -1, 1, -1, 1, -1, 1]",1,315,167,62
545,"[1, -1, -1, 0, 1, 0, 1, -1, 1]",1,316,167,62
546,"[-1, 0, 1, -1, 1, -1, -1, 1, 1]",-1,316,168,62
547,"[1, -1, 1, 1, 1, -1, -1, 1, -1]",,316,168,63
548,"[1, -1, -1, 1, 1, 1, -1, 0, 0]",1,317,168,63
549,"[1, 0, 0, -1, 1, -1, -1, 1, 1]",1,318,168,63
550,"[-1, -1, 0, 1, 1, 1, 0, -1, 1]",1,319,168,63
551,"[1, -1, 1, -1, 1, -1, -1, 1, 1]",1,320,168,63
552,"[1, -1, -1, 1, -1, 1, 1, 1, -1]",1,321,168,63
553,"[0, 1, 0, 1, 1, -1, -1, 1, -1]",1,322,168,63
554,"[1, -1, 1, 0, 1, 0, 1, -1, -1]",1,323,168,63
555,"[-1, 0, 1, -1, 0, 1, -1, 1, 0]",-1,323,169,63
556,"[-1, 0, 0, 1, 1, 1, -1, 1, -1]",1,324,169,63
557,"[1, 1, -1, 0, 1, -1, 0, -1, 1]",1,325,169,63
558,"[-1, -1, 1, 1, -1, 1, -1, 1, 1]",1,326,169,63
559,"[-1, -1, 1, -1, 1, 1, 1, 1, -1]",1,327,169,63
560,"[-1, -1, 1, 1, 1, -1, 1, -1, 1]",1,328,169,63
561,"[-1, 1, -1, 0, 1, 1, 0, 1, -1]",1,329,169,63
562,"[-1, 0, 0, 1, 1, 1, 0, -1, 0]",1,330,169,63
563,"[1, 1, -1, 0, -1, -1, 1, 1, -1]",-1,330,170,63
564,"[1, -1, 1, 1, -1, -1, 1, 1, -1]",1,331,170,63
565,"[-1, 0, 1, 0, 1, 1, 1, -1, -1]",1,332,170,63
566,"[-1, 1, 1, 1, -1, 1, -1, -1, 1]",1,333,170,63
567,"[0, 0, 1, -1, 1, 1, 1, -1, -1]",1,334,170,63
568,"[1, 1, -1, -1, 1, 1, -1, -1, 1]",1,335,170,63
569,"[0, 0, -1, 1, 1, 1, 0, -1, 0]",1,336,170,63
570,"[1, 1, -1, -1, -1, 1, 1, 1, -1]",,336,170,64
571,"[1, 1, -1, 0, -1, -1, -1, 1, 1]",-1,336,171,64
572,"[-1, 0, 0, -1, 1, 1, -1, 0, 1]",-1,336,172,64
573,"[1, 1, -1, -1, 1, 1, 1, -1, -1]",,336,172,65
574,"[1, -1, 1, 1, -1, -1, -1, 1, 1]",,336,172,66
575,"[-1, 0, -1, -1, 1, 1, -1, 1, 1]",-1,336,173,66
576,"[1, 1, 1, -1, 0, -1, 0, -1, 1]",1,337,173,66
577,"[-1, 1, -1, 1, 1, -1, 1, -1, 1]",,337,173,67
578,"[1, -1, -1, 1, 1, 1, -1, 1, -1]",1,338,173,67
579,"[1, 1, -1, 1, -1, 0, -1, -1, 1]",-1,338,174,67
580,"[0, 1, -1, -1, 1, 0, 1, 1, -1]",1,339,174,67
581,"[1, 1, -1, -1, 1, 1, -1, -1, 1]",1,340,174,67
582,"[0, -1, 1, -1, 1, -1, 1, 1, 0]",1,341,174,67
583,"[1, -1, -1, 1, 1, 1, -1, 1, -1]",1,342,174,67
584,"[0, 0, 1, -1, -1, -1, 1, 1, 0]",-1,342,175,67
585,"[-1, 0, 1, 1, 1, 1, -1, -1, 0]",1,343,175,67
586,"[0, -1, -1, 1, -1, 1, 1, -1, 1]",-1,343,176,67
587,"[0, -1, 0, 0, -1, 1, 1, -1, 1]",-1,343,177,67
588,"[1, 0, -1, 1, 1, -1, -1, 1, -1]",-1,343,178,67
589,"[1, 0, 1, -1, 1, -1, 1, -1, 0]",1,344,178,67
590,"[1, 1, -1, 1, -1, 0, -1, -1, 1]",-1,344,179,67
591,"[1, 1, -1, -1, -1, -1, 1, 0, 1]",-1,344,180,67
592,"[-1, -1, -1, 0, 1, 0, 0, 1, 1]",-1,344,181,67
593,"[-1, -1, 1, 1, 1, -1, 1, 1, -1]",1,345,181,67
594,"[1, 1, 0, 1, 1, -1, -1, -1, -1]",-1,345,182,67
595,"[-1, 1, -1, -1, 1, 1, 1, -1, 1]",,345,182,68
596,"[1, -1, 1, -1, 1, 1, -1, 1, -1]",,345,182,69
597,"[1, -1, -1, -1, 1, 1, 1, 1, -1]",,345,182,70
598,"[1, 0, -1, 0, 1, -1, -1, 1, 1]",1,346,182,70
599,"[-1, -1, -1, 1, 0, 1, 1, -1, 1]",-1,346,183,70
600,"[-1, 1, 1, -1, 1, -1, 1, -1, 1]",1,347,183,70
601,"[1, -1, -1, -1, 1, 1, -1, 1, 1]",1,348,183,70
602,"[1, 1, 1, 0, 1, -1, -1, 0, -1]",1,349,183,70
603,"[0, 1, 1, 0, -1, 1, -1, -1, 1]",1,350,183,70
604,"[-1, -1, 0, 1, 1, 1, 1, 0, -1]",1,351,183,70
605,"[0, -1, -1, 1, -1, 0, 1, 1, 1]",1,352,183,70
606,"[1, 1, 1, 1, 0, -1, -1, 0, -1]",1,353,183,70
607,"[1, -1, 0, 1, -1, 1, 1, 0, -1]",1,354,183,70
608,"[0, 0, 1, 0, 0, 1, -1, -1, 1]",1,355,183,70
609,"[-1, -1, -1, -1, 1, 1, 0, 1, 1]",-1,355,184,70
610,"[-1, 1, 0, 1, -1, 1, 1, -1, -1]",-1,355,185,70
611,"[1, -1, 1, 1, 1, -1, -1, -1, 1]",1,356,185,70
612,"[-1, 0, 1, 1, -1, 1, 1, -1, -1]",-1,356,186,70
613,"[-1, 1, -1, 1, 1, -1, -1, 1, 1]",1,357,186,70
614,"[-1, 1, -1, -1, 1, 1, -1, 0, 1]",-1,357,187,70
615,"[-1, 1, -1, 1, 1, 0, 0, 1, -1]",1,358,187,70
616,"[0, -1, 0, 0, 0, -1, 1, 1, 1]",1,359,187,70
617,"[1, -1, 1, -1, 1, 1, -1, 1, -1]",,359,187,71
618,"[0, -1, 1, 1, 1, 1, -1, -1, 0]",1,360,187,71
619,"[1, -1, -1, -1, -1, 1, 1, 1, 1]",1,361,187,71
620,"[-1, -1, -1, 1, -1, 1, 1, 1, 0]",-1,361,188,71
621,"[-1, 1, 1, -1, -1, 0, -1, 1, 1]",-1,361,189,71
622,"[0, 1, -1, 0, 1, -1, 0, 1, 0]",1,362,189,71
623,"[1, -1, 0, 1, -1, 1, 0, -1, 0]",-1,362,190,71
624,"[1, 1, 0, -1, -1, -1, 1, 1, -1]",-1,362,191,71
625,"[-1, -1, 1, 1, 1, 1, -1, -1, 1]",1,363,191,71
626,"[1, 1, -1, -1, -1, 1, 1, 1, -1]",,363,191,72
627,"[1, 0, 1, -1, -1, -1, 0, 0, 1]",-1,363,192,72
628,"[1, 1, 0, -1, 1, -1, 0, -1, 1]",1,364,192,72
629,"[0, 1, -1, 1, -1, -1, -1, 1, 1]",-1,364,193,72
630,"[1, 1, -1, 0, -1, 1, -1, 0, 0]",-1,364,194,72
631,"[-1, 0, -1, 0, 0, 0, 1, 1, 1]",1,365,194,72
632,"[0, 1, 1, -1, -1, 1, -1, 0, 1]",1,366,194,72
633,"[-1, 1, 1, -1, 1, -1, 1, -1, 1]",1,367,194,72
634,"[1, 1, 0, -1, -1, -1, 0, 0, 1]",-1,367,195,72
635,"[-1, 1, -1, 1, 1, -1, 1, -1, 1]",,367,195,73
636,"[-1, 1, 1, -1, -1, 1, 1, -1, 1]",1,368,195,73
637,"[1, 1, 1, 1, -1, -1, -1, -1, 1]",1,369,195,73
638,"[-1, 1, -1, -1, 1, 1, 1, -1, 1]",,369,195,74
639,"[1, -1, 1, 1, -1, -1, 1, 1, -1]",1,370,195,74
640,"[1, -1, 0, -1, -1, 0, 1, 1, 1]",1,371,195,74
641,"[1, 1, 0, -1, -1, -1, 0, 0, 1]",-1,371,196,74
642,"[-1, 1, -1, 1, -1, 1, 1, -1, 1]",,371,196,75
643,"[-1, -1, 0, -1, 0, 1, 1, 1, 1]",1,372,196,75
644,"[1, -1, -1, 1, 1, -1, -1, 1, 1]",1,373,196,75
645,"[1, 1, 1, 0, -1, -1, 0, 1, -1]",1,374,196,75
646,"[1, -1, 1, -1, 1, 1, -1, 1, -1]",,374,196,76
647,"[-1, 1, 0, 0, -1, 1, 1, 0, -1]",-1,374,197,76
648,"[-1, 1, 1, 1, -1, -1, -1, 1, 1]",,374,197,77
649,"[-1, 1, 1, -1, 0, 0, -1, 1, 0]",-1,374,198,77
650,"[-1, 1, 1, 1, -1, 1, -1, -1, 1]",1,375,198,77
651,"[-1, -1, 1, 1, -1, 1, 0, 0, 1]",1,376,198,77
652,"[-1, 1, -1, 1, -1, -1, 1, 1, 1]",1,377,198,77
653,"[-1, 1, -1, -1, 1, 1, 1, -1, 1]",,377,198,78
654,"[-1, -1, 1, -1, 1, 1, 1, -1, 1]",1,378,198,78
655,"[0, -1, 1, -1, 0, 1, 0, 0, 1]",1,379,198,78
656,"[-1, -1, 1, -1, 1, 1, 0, 0, 1]",1,380,198,78
657,"[0, 0, 1, -1, -1, -1, 1, 1, 0]",-1,380,199,78
658,"[1, 0, 0, 1, 0, 1, -1, -1, -1]",-1,380,200,78
659,"[-1, -1, 1, -1, 1, 1, 1, 1, -1]",1,381,200,78
660,"[-1, 1, -1, -1, 1, 1, 1, -1, 1]",,381,200,79
661,"[-1, -1, -1, 0, 1, 1, -1, 1, 1]",-1,381,201,79
662,"[1, -1, -1, 1, 1, -1, 0, 1, -1]",-1,381,202,79
663,"[1, -1, 1, -1, 1, 1, -1, 1, -1]",,381,202,80
664,"[0, 0, 1, -1, 1, -1, 1, 1, -1]",1,382,202,80
665,"[-1, 1, -1, 0, -1, 0, 1, 1, 1]",1,383,202,80
666,"[1, 0, 1, -1, 1, -1, 1, 0, -1]",1,384,202,80
667,"[-1, 0, 1, 0, 1, -1, 1, -1, 1]",1,385,202,80
668,"[1, 1, -1, -1, 1, -1, 1, -1, 1]",1,386,202,80
669,"[1, -1, 1, -1, 1, 1, -1, 1, -1]",,386,202,81
670,"[0, -1, 1, -1, 1, -1, 1, 1, 0]",1,387,202,81
671,"[0, 1, 0, 0, 1, 0, -1, 1, -1]",1,388,202,81
672,"[-1, 1, 1, 1, -1, 1, -1, -1, 1]",1,389,202,81
673,"[-1, 0, 0, 0, -1, 0, 1, 1, 1]",1,390,202,81
674,"[-1, -1, 1, 1, 1, -1, -1, 1, 1]",,390,202,82
675,"[-1, 1, -1, -1, 1, 1, -1, 0, 1]",-1,390,203,82
676,"[-1, -1, 1, -1, 1, -1, 1, 1, 1]",1,391,203,82
677,"[-1, -1, -1, 0, 1, 0, 1, 0, 1]",-1,391,204,82
678,"[0, 1, -1, -1, 0, -1, 1, 1, 1]",1,392,204,82
679,"[1, -1, 1, -1, 1, -1, -1, 1, 1]",1,393,204,82
680,"[1, -1, 1, 1, 1, -1, -1, 1, -1]",,393,204,83
681,"[1, 1, -1, -1, 1, 1, -1, -1, 1]",1,394,204,83
682,"[1, 0, -1, 0, -1, 0, -1, 1, 1]",-1,394,205,83
683,"[1, 1, 0, 0, 1, -1, -1, 1, -1]",1,395,205,83
684,"[0, 0, -1, 1, 1, -1, 0, 1, -1]",-1,395,206,83
685,"[1, 0, 0, 1, 1, 0, -1, -1, -1]",-1,395,207,83
686,"[-1, 1, 1, 1, 1, -1, -1, -1, 1]",,395,207,84
687,"[1, 1, 1, 0, -1, -1, 0, 1, -1]",1,396,207,84
688,"[-1, 1, -1, -1, 0, 0, 1, 1, 1]",1,397,207,84
689,"[0, 1, -1, 1, -1, -1, 1, 1, -1]",-1,397,208,84
690,"[-1, 1, -1, 1, 1, 1, -1, 0, 0]",1,398,208,84
691,"[1, 0, 1, 0, 1, -1, -1, -1, 1]",1,399,208,84
692,"[-1, 1, 1, -1, -1, 0, 1, 1, -1]",-1,399,209,84
693,"[-1, -1, 1, -1, 1, 1, 1, 1, -1]",1,400,209,84
694,"[1, 1, 1, -1, -1, 1, 1, -1, -1]",1,401,209,84
695,"[1, 1, 1, -1, 1, -1, 0, -1, 0]",1,402,209,84
696,"[-1, 0, 1, 0, 1, 0, 1, -1, 0]",1,403,209,84
697,"[-1, -1, 1, -1, 1, 1, -1, 1, 0]",-1,403,210,84
698,"[-1, 1, 1, -1, 1, 1, -1, -1, 0]",-1,403,211,84
699,"[-1, -1, -1, 0, 1, 0, 1, 0, 1]",-1,403,212,84
700,"[1, -1, 1, 1, 0, 0, 1, -1, -1]",1,404,212,84
701,"[1, -1, 1, -1, 0, 1, 0, -1, 1]",1,405,212,84
702,"[1, 0, -1, -1, 1, 0, 1, -1, 1]",1,406,212,84
703,"[0, 1, 0, -1, 1, 1, -1, 1, -1]",1,407,212,84
704,"[0, -1, 1, 1, -1, 1, 1, -1, -1]",-1,407,213,84
705,"[1, -1, 0, 1, 1, 1, 0, -1, -1]",1,408,213,84
706,"[0, -1, 1, -1, 1, 1, 1, 0, -1]",1,409,213,84
707,"[0, 1, 1, -1, 1, 0, -1, 1, -1]",1,410,213,84
708,"[-1, 1, -1, 0, 1, 0, 1, 1, -1]",1,411,213,84
709,"[0, 1, -1, 1, -1, 0, -1, 1, 0]",-1,411,214,84
710,"[-1, 1, 1, -1, 1, 1, -1, -1, 0]",-1,411,215,84
711,"[0, -1, -1, -1, 1, 0, 1, 1, 1]",1,412,215,84
712,"[1, 0, 0, 0, 1, -1, 0, -1, 1]",1,413,215,84
713,"[1, 1, -1, -1, -1, 1, 1, -1, 1]",,413,215,85
714,"[-1, 0, 1, 1, 1, 1, 0, -1, -1]",1,414,215,85
715,"[1, -1, 1, 1, -1, 1, -1, 1, -1]",,414,215,86
716,"[1, -1, 1, -1, -1, 1, 1, 1, -1]",,414,215,87
717,"[1, -1, 1, 1, 1, -1, 1, -1, -1]",1,415,215,87
718,"[1, -1, -1, -1, 1, 1, 1, -1, 1]",1,416,215,87
719,"[-1, -1, 1, 1, -1, 1, -1, 1, 1]",1,417,215,87
720,"[-1, 1, 1, -1, -1, 1, 1, -1, 1]",1,418,215,87
721,"[1, -1, 1, -1, -1, 1, 1, 1, -1]",,418,215,88
722,"[1, 1, -1, -1, 1, -1, 1, -1, 1]",1,419,215,88
723,"[-1, -1, 1, 1, -1, -1, 1, 1, 1]",1,420,215,88
724,"[1, -1, 1, -1, 1, -1, 1, 1, -1]",1,421,215,88
725,"[-1, 1, -1, 1, 1, 1, 1, -1, -1]",1,422,215,88
726,"[1, 1, -1, 1, 0, -1, -1, 1, -1]",-1,422,216,88
727,"[1, 0, 1, 1, 1, -1, -1, -1, -1]",-1,422,217,88
728,"[-1, -1, 1, 1, 1, 1, -1, 0, 0]",1,423,217,88
729,"[1, -1, 1, -1, -1, 1, 1, 1, -1]",,423,217,89
730,"[-1, 0, 0, -1, 1, -1, 1, 1, 1]",1,424,217,89
731,"[-1, 1, 1, -1, -1, 1, 1, -1, 1]",1,425,217,89
732,"[-1, -1, 1, 1, -1, 1, 1, -1, 0]",-1,425,218,89
733,"[-1, -1, -1, -1, 1, 1, 1, 1, 0]",-1,425,219,89
734,"[1, 1, -1, 1, -1, 1, -1, -1, 0]",-1,425,220,89
735,"[-1, -1, 1, 0, 1, 1, 1, 0, -1]",1,426,220,89
736,"[-1, 1, -1, 1, 1, -1, 1, -1, 1]",,426,220,90
737,"[1, -1, 0, 0, -1, 1, 0, -1, 1]",-1,426,221,90
738,"[-1, 1, 1, -1, 1, -1, 0, 1, 0]",1,427,221,90
739,"[1, -1, -1, 1, -1, 0, 1, 1, 0]",1,428,221,90
740,"[1, -1, 0, 1, -1, 1, -1, -1, 1]",-1,428,222,90
741,"[0, 1, -1, -1, 1, -1, 1, 1, 0]",1,429,222,90
742,"[1, 1, -1, 1, -1, 0, -1, -1, 1]",-1,429,223,90
743,"[0, 0, 0, -1, 0, -1, 1, 1, 1]",1,430,223,90
744,"[1, -1, 0, -1, -1, 1, 1, -1, 1]",-1,430,224,90
745,"[-1, 1, 1, 0, 1, -1, 1, -1, 0]",1,431,224,90
746,"[1, 1, 0, -1, -1, -1, 1, -1, 1]",-1,431,225,90
747,"[-1, -1, 1, -1, 1, 1, 1, 1, -1]",1,432,225,90
748,"[1, 1, 1, 1, -1, -1, -1, 1, -1]",1,433,225,90
749,"[1, -1, 1, 0, 1, 1, -1, -1, -1]",-1,433,226,90
750,"[-1, 1, -1, -1, 0, 0, 1, 1, 1]",1,434,226,90
751,"[1, -1, 1, 1, 1, 0, -1, -1, -1]",-1,434,227,90
752,"[-1, 0, 0, 1, 1, 1, -1, -1, 1]",1,435,227,90
753,"[1, 1, 0, 0, 1, -1, -1, -1, 1]",1,436,227,90
754,"[1, 0, -1, 0, 1, 0, 0, -1, 1]",1,437,227,90
755,"[1, -1, 1, 0, -1, 1, 0, -1, 0]",-1,437,228,90
756,"[-1, -1, -1, 1, 0, 1, -1, 1, 1]",-1,437,229,90
757,"[1, -1, -1, -1, 1, 1, 1, -1, 1]",1,438,229,90
758,"[1, 1, 1, 0, -1, -1, 0, -1, 1]",1,439,229,90
759,"[1, -1, 1, 1, 0, -1, 1, -1, 0]",1,440,229,90
760,"[1, -1, 1, -1, 1, -1, -1, 1, 1]",1,441,229,90
761,"[-1, -1, 1, 1, 1, -1, 1, -1, 1]",1,442,229,90
762,"[-1, 1, 0, 0, 1, -1, 0, 1, 0]",1,443,229,90
763,"[0, 1, 1, 0, 1, -1, 1, -1, -1]",1,444,229,90
764,"[0, -1, 0, 1, -1, 1, 1, -1, 0]",-1,444,230,90
765,"[1, 1, 1, 0, 0, -1, 1, -1, -1]",1,445,230,90
766,"[-1, -1, 1, 1, 1, -1, -1, 1, 1]",,445,230,91
767,"[-1, 1, 1, 1, 1, -1, -1, -1, 1]",,445,230,92
768,"[1, -1, 0, -1, 0, -1, 1, 1, 1]",1,446,230,92
769,"[1, -1, -1, 1, -1, 0, 1, 1, 0]",1,447,230,92
770,"[-1, 1, 1, 0, -1, 1, 0, 0, -1]",-1,447,231,92
771,"[-1, -1, 1, 1, -1, -1, 1, 1, 1]",1,448,231,92
772,"[1, -1, -1, 1, 0, 0, 1, 0, 0]",1,449,231,92
773,"[0, 1, 0, 1, 1, 0, -1, -1, -1]",-1,449,232,92
774,"[1, 1, 1, -1, 0, -1, 0, -1, 1]",1,450,232,92
775,"[-1, 0, 1, 1, 1, 1, -1, -1, 0]",1,451,232,92
776,"[-1, -1, -1, 1, 0, 1, 1, -1, 1]",-1,451,233,92
777,"[1, -1, -1, 1, -1, 0, -1, 1, 1]",-1,451,234,92
778,"[-1, 0, 1, -1, 1, 1, -1, 1, -1]",-1,451,235,92
779,"[1, -1, -1, -1, 1, 1, 1, -1, 1]",1,452,235,92
780,"[-1, 1, 1, -1, 0, 1, 0, -1, 1]",1,453,235,92
781,"[1, 1, -1, -1, 1, 1, -1, -1, 1]",1,454,235,92
782,"[1, 1, 0, -1, 1, -1, -1, 1, 0]",1,455,235,92
783,"[1, 1, -1, -1, 1, -1, -1, 1, 1]",1,456,235,92
784,"[-1, -1, 1, 0, 0, 1, 1, -1, 1]",1,457,235,92
785,"[-1, -1, 1, 1, -1, 1, 1, -1, 0]",-1,457,236,92
786,"[-1, 1, -1, 1, 1, -1, 1, 0, -1]",-1,457,237,92
787,"[-1, 1, 1, 1, -1, -1, 1, -1, 1]",,457,237,93
788,"[1, 1, 1, -1, 0, 0, -1, 0, 0]",1,458,237,93
789,"[-1, 1, 1, 1, 1, -1, -1, 1, -1]",1,459,237,93
790,"[1, -1, -1, 1, 1, -1, -1, 1, 1]",1,460,237,93
791,"[1, 1, -1, -1, -1, 1, 1, 1, -1]",,460,237,94
792,"[0, -1, -1, -1, 1, 0, 1, 1, 1]",1,461,237,94
793,"[1, 1, -1, 1, 1, -1, 0, -1, -1]",-1,461,238,94
794,"[-1, 1, 1, 1, 1, -1, 1, -1, -1]",1,462,238,94
795,"[-1, -1, 1, 1, 1, -1, 1, -1, 1]",1,463,238,94
796,"[1, 1, -1, 1, -1, -1, 1, -1, 1]",1,464,238,94
797,"[1, 0, -1, 0, -1, 0, -1, 1, 1]",-1,464,239,94
798,"[1, 1, -1, 1, -1, -1, -1, 1, 0]",-1,464,240,94
799,"[-1, 1, -1, 0, 1, -1, 1, 1, 0]",1,465,240,94
800,"[0, 1, 1, 1, 1, -1, -1, -1, -1]",-1,465,241,94
801,"[1, -1, 1, 1, 1, -1, 1, -1, -1]",1,466,241,94
802,"[-1, -1, 1, 1, -1, 1, 0, 1, -1]",-1,466,242,94
803,"[0, 0, -1, -1, -1, 1, 1, 1, 1]",1,467,242,94
804,"[1, 1, -1, -1, 1, -1, 1, -1, 1]",1,468,242,94
805,"[1, 0, -1, 1, 1, 1, -1, -1, 0]",1,469,242,94
806,"[1, 1, 0, 0, 1, -1, -1, -1, 1]",1,470,242,94
807,"[-1, 1, 1, -1, -1, 1, 1, -1, 1]",1,471,242,94
808,"[-1, 1, 1, 0, 1, 0, -1, 1, -1]",1,472,242,94
809,"[1, 1, 1, 1, -1, -1, -1, 1, -1]",1,473,242,94
810,"[1, 1, 1, -1, -1, 1, 0, 0, -1]",1,474,242,94
811,"[0, 0, 1, 1, -1, 1, -1, -1, 1]",1,475,242,94
812,"[-1, 1, 1, 1, -1, 0, -1, 1, -1]",-1,475,243,94
813,"[-1, -1, 1, 1, 1, -1, 1, 1, -1]",1,476,243,94
814,"[1, 0, 0, 1, 0, -1, 1, 0, -1]",1,477,243,94
815,"[1, 0, 0, 0, 1, 1, -1, -1, -1]",-1,477,244,94
816,"[-1, 1, -1, -1, 1, 1, 1, -1, 1]",,477,244,95
817,"[0, 1, 0, -1, 1, 0, 0, 1, -1]",1,478,244,95
818,"[1, -1, 1, 0, 1, 1, -1, -1, -1]",-1,478,245,95
819,"[1, 1, -1, -1, 1, -1, -1, 1, 1]",1,479,245,95
820,"[1, 0, -1, 0, 1, -1, 1, 0, -1]",-1,479,246,95
821,"[0, 1, -1, 1, -1, -1, 1, 1, -1]",-1,479,247,95
822,"[0, 0, -1, 1, 0, -1, 1, 1, -1]",-1,479,248,95
823,"[0, 1, 0, 0, 1, -1, -1, 1, 0]",1,480,248,95
824,"[0, 1, -1, 0, -1, 1, -1, 1, 0]",-1,480,249,95
825,"[-1, 0, 0, 1, 1, 1, 0, -1, 0]",1,481,249,95
826,"[0, 0, -1, 1, 1, 1, 0, 0, -1]",1,482,249,95
827,"[-1, -1, 1, -1, 1, 1, 1, 1, -1]",1,483,249,95
828,"[-1, 0, 0, 1, 1, 1, -1, 0, 0]",1,484,249,95
829,"[0, 1, 1, -1, -1, 1, -1, 0, 1]",1,485,249,95
830,"[1, -1, 1, 1, 1, -1, -1, 1, -1]",,485,249,96
831,"[1, 1, -1, -1, 1, -1, 1, 0, -1]",-1,485,250,96
832,"[-1, -1, 1, -1, 1, 0, -1, 1, 1]",-1,485,251,96
833,"[1, -1, 1, 1, -1, -1, 1, 1, -1]",1,486,251,96
834,"[1, -1, -1, 1, -1, 1, -1, 1, 0]",-1,486,252,96
835,"[1, -1, 1, 0, 1, 0, -1, -1, 1]",1,487,252,96
836,"[0, -1, 1, 1, -1, -1, 1, -1, 1]",-1,487,253,96
837,"[1, 1, 1, 0, -1, 0, -1, -1, 1]",1,488,253,96
838,"[0, 0, 0, -1, -1, 0, 1, 1, 1]",1,489,253,96
839,"[1, 1, 1, 0, 1, -1, -1, -1, 0]",1,490,253,96
840,"[0, 0, 1, 0, 1, -1, 1, -1, 0]",1,491,253,96
841,"[1, -1, -1, 0, -1, 1, 1, -1, 1]",-1,491,254,96
842,"[1, -1, 1, -1, -1, 0, 1, -1, 1]",-1,491,255,96
843,"[-1, -1, 1, 1, 1, 1, 1, -1, -1]",1,492,255,96
844,"[1, 0, -1, 1, 0, 1, 1, -1, -1]",1,493,255,96
845,"[1, -1, 1, -1, 1, -1, 1, 1, -1]",1,494,255,96
846,"[1, 1, 1, 1, 0, -1, -1, 0, -1]",1,495,255,96
847,"[-1, 1, 1, 1, 1, -1, -1, -1, 1]",,495,255,97
848,"[0, -1, 0, 0, -1, 1, 1, -1, 1]",-1,495,256,97
849,"[1, -1, -1, 0, 1, 0, 0, 0, 1]",1,496,256,97
850,"[1, 1, 1, 0, -1, 1, -1, -1, 0]",1,497,256,97
851,"[1, 1, 1, -1, -1, 1, 1, -1, -1]",1,498,256,97
852,"[1, -1, 1, -1, -1, 1, 1, 1, -1]",,498,256,98
853,"[-1, 0, 0, -1, 0, 1, -1, 1, 1]",-1,498,257,98
854,"[1, 1, -1, 1, 1, -1, -1, -1, 1]",1,499,257,98
855,"[0, 0, 1, 1, -1, 1, -1, -1, 1]",1,500,257,98
856,"[-1, -1, 1, 0, 1, -1, 1, 0, 1]",1,501,257,98
857,"[-1, 1, 1, 1, 1, -1, -1, 1, -1]",1,502,257,98
858,"[1, -1, -1, -1, 1, 0, 0, 1, 1]",1,503,257,98
859,"[-1, -1, 1, 1, -1, 0, 1, -1, 1]",-1,503,258,98
860,"[-1, 0, 0, -1, 1, -1, 1, 1, 1]",1,504,258,98
861,"[0, 1, 1, -1, -1, -1, 1, 1, -1]",-1,504,259,98
862,"[1, -1, 1, 1, -1, 1, -1, 1, -1]",,504,259,99
863,"[0, -1, 1, 0, 0, 1, -1, 0, 1]",1,505,259,99
864,"[1, -1, -1, -1, 1, 1, 1, 1, -1]",,505,259,100
865,"[1, -1, 1, 1, -1, -1, -1, 1, 1]",,505,259,101
866,"[1, 1, -1, -1, -1, 1, 1, 1, -1]",,505,259,102
867,"[-1, -1, -1, 1, 1, 0, 1, 1, -1]",-1,505,260,102
868,"[1, 1, -1, 1, -1, -1, -1, 1, 0]",-1,505,261,102
869,"[-1, 1, 1, -1, -1, -1, 0, 1, 1]",-1,505,262,102
870,"[1, 1, 0, -1, -1, -1, 0, 1, 0]",-1,505,263,102
871,"[1, 0, 1, 0, 1, -1, -1, -1, 1]",1,506,263,102
872,"[0, -1, -1, 1, 1, 1, 0, -1, 1]",1,507,263,102
873,"[-1, 1, 0, -1, 1, 0, -1, 0, 1]",-1,507,264,102
874,"[1, 1, -1, -1, 1, 1, 1, -1, -1]",,507,264,103
875,"[1, -1, 0, 1, -1, 1, 1, 0, -1]",1,508,264,103
876,"[1, 1, -1, 1, -1, 0, -1, 1, -1]",-1,508,265,103
877,"[1, -1, 1, 1, 1, -1, -1, 1, -1]",,508,265,104
878,"[0, 1, -1, 1, 0, -1, 1, 0, -1]",-1,508,266,104
879,"[-1, 1, -1, -1, 1, 1, 1, 1, -1]",1,509,266,104
880,"[-1, 1, 1, 0, -1, 0, 1, 0, -1]",-1,509,267,104
881,"[-1, -1, -1, -1, 1, 1, 1, 1, 0]",-1,509,268,104
882,"[-1, -1, -1, 1, 1, 0, 0, 1, 0]",-1,509,269,104
883,"[1, 1, 1, 0, 0, 0, -1, -1, 0]",1,510,269,104
884,"[1, 1, 1, 0, -1, -1, 1, 0, -1]",1,511,269,104
885,"[-1, -1, -1, 1, 1, 0, 0, 0, 1]",-1,511,270,104
886,"[1, 1, 1, 0, -1, 1, -1, 0, -1]",1,512,270,104
887,"[1, 1, 1, 1, -1, -1, -1, 1, -1]",1,513,270,104
888,"[0, 1, 1, -1, -1, -1, 1, -1, 1]",-1,513,271,104
889,"[1, -1, 1, 1, -1, -1, -1, 1, 1]",,513,271,105
890,"[1, 0, 0, 1, 0, -1, 1, -1, 0]",1,514,271,105
891,"[0, 1, -1, 1, -1, 0, -1, 0, 1]",-1,514,272,105
892,"[1, 0, -1, 1, 1, -1, -1, 1, -1]",-1,514,273,105
893,"[-1, 1, 1, -1, 1, -1, 1, -1, 1]",1,515,273,105
894,"[1, 1, -1, -1, 1, 1, 1, -1, -1]",,515,273,106
895,"[0, -1, -1, 1, -1, 1, -1, 1, 1]",-1,515,274,106
896,"[1, -1, -1, -1, 1, 0, 1, 0, 1]",1,516,274,106
897,"[1, 1, -1, -1, 1, 1, -1, -1, 1]",1,517,274,106
898,"[-1, 0, 1, -1, 0, 1, 0, 0, 1]",1,518,274,106
899,"[1, 0, 1, -1, 0, 1, -1, -1, 1]",1,519,274,106
900,"[1, -1, 1, -1, 1, 1, -1, 1, -1]",,519,274,107
901,"[0, 1, 1, 0, 0, 1, -1, -1, -1]",-1,519,275,107
902,"[-1, -1, 1, 1, 1, -1, 1, 1, -1]",1,520,275,107
903,"[-1, 1, 1, 1, 1, -1, -1, -1, 1]",,520,275,108
904,"[-1, 0, 1, -1, 1, 1, -1, 1, -1]",-1,520,276,108
905,"[1, 1, 1, -1, 1, 0, -1, 0, -1]",1,521,276,108
906,"[1, -1, -1, 1, 0, -1, 1, 0, 1]",1,522,276,108
907,"[-1, 1, -1, 1, 1, -1, 1, -1, 1]",,522,276,109
908,"[-1, -1, -1, 1, 1, 0, 1, -1, 1]",-1,522,277,109
909,"[1, 0, -1, -1, 1, -1, 1, 1, -1]",-1,522,278,109
910,"[-1, -1, -1, 1, 0, 1, 1, 1, -1]",-1,522,279,109
911,"[1, -1, -1, -1, 1, 1, 1, 1, -1]",,522,279,110
912,"[1, 1, 1, 0, -1, -1, -1, 1, 0]",1,523,279,110
913,"[0, 1, -1, 1, 1, 1, -1, -1, 0]",1,524,279,110
914,"[1, -1, 1, 1, -1, -1, -1, 1, 1]",,524,279,111
915,"[1, 0, 0, 1, 1, -1, -1, -1, 1]",1,525,279,111
916,"[-1, 0, 1, 0, 1, 1, -1, -1, 1]",1,526,279,111
917,"[-1, -1, -1, 1, 1, -1, 1, 0, 1]",-1,526,280,111
918,"[-1, 1, 1, 1, -1, 1, -1, -1, 1]",1,527,280,111
919,"[1, 0, -1, 1, 1, -1, 0, 0, -1]",-1,527,281,111
920,"[1, 1, -1, 1, -1, 0, -1, 1, -1]",-1,527,282,111
921,"[1, -1, -1, -1, 1, -1, 1, 1, 1]",1,528,282,111
922,"[-1, -1, 1, 1, 1, -1, -1, 1, 1]",,528,282,112
923,"[-1, 0, -1, 1, 1, 1, 0, -1, 1]",1,529,282,112
924,"[1, -1, 1, 1, 1, -1, -1, 1, -1]",,529,282,113
925,"[0, 1, -1, 1, -1, 1, -1, 1, -1]",-1,529,283,113
926,"[1, -1, -1, -1, -1, 1, 1, 1, 1]",1,530,283,113
927,"[1, -1, 0, 1, 0, -1, 1, 0, 0]",1,531,283,113
928,"[-1, 1, 1, -1, -1, 1, -1, 1, 0]",-1,531,284,113
929,"[1, -1, -1, 1, 1, -1, 0, 1, -1]",-1,531,285,113
930,"[1, 0, -1, 1, 1, 0, -1, -1, 1]",1,532,285,113
931,"[-1, 1, -1, 1, 1, -1, -1, 1, 1]",1,533,285,113
932,"[0, 0, -1, 0, 0, -1, 1, 1, 1]",1,534,285,113
933,"[-1, 1, 0, -1, 1, -1, 0, 1, 1]",1,535,285,113
934,"[-1, 0, 0, -1, 1, -1, 1, 1, 1]",1,536,285,113
935,"[-1, 1, 1, 1, 1, -1, 1, -1, -1]",1,537,285,113
936,"[-1, 1, 1, 1, 1, -1, -1, -1, 1]",,537,285,114
937,"[0, -1, 1, 0, 1, 1, 1, -1, -1]",1,538,285,114
938,"[0, -1, 1, 1, -1, 0, 0, -1, 1]",-1,538,286,114
939,"[1, 1, 0, 1, -1, -1, 1, 0, -1]",1,539,286,114
940,"[1, 1, 1, -1, -1, 0, -1, 0, 1]",1,540,286,114
941,"[1, 0, 0, 1, -1, -1, 1, -1, 1]",1,541,286,114
942,"[-1, -1, 1, 1, 1, 1, 0, 0, -1]",1,542,286,114
943,"[1, 1, 1, 0, 0, 0, 0, -1, -1]",1,543,286,114
944,"[-1, 0, -1, 1, -1, 1, -1, 1, 1]",-1,543,287,114
945,"[-1, 1, 0, -1, 1, -1, 0, 1, 1]",1,544,287,114
946,"[-1, -1, 0, 1, -1, 1, 1, 1, -1]",-1,544,288,114
947,"[1, -1, 1, -1, -1, 1, -1, 1, 1]",1,545,288,114
948,"[1, 1, 0, 0, 1, -1, -1, -1, 1]",1,546,288,114
949,"[0, -1, 1, 0, 1, 1, -1, -1, 1]",1,547,288,114
950,"[-1, 1, 1, 1, 1, -1, -1, 1, -1]",1,548,288,114
951,"[1, 0, 1, 0, -1, 1, -1, -1, 1]",1,549,288,114
952,"[1, -1, 1, -1, -1, 1, -1, 1, 1]",1,550,288,114
953,"[-1, 1, 1, -1, -1, -1, 1, 0, 1]",-1,550,289,114
954,"[1, 1, -1, 0, 0, -1, 0, 1, -1]",-1,550,290,114
955,"[1, -1, 1, -1, 1, 1, -1, 1, -1]",,550,290,115
956,"[-1, 1, -1, 1, -1, 1, 1, -1, 1]",,550,290,116
957,"[1, -1, 0, -1, 1, 0, -1, 1, 1]",1,551,290,116
958,"[-1, 0, 1, 1, 1, -1, 1, -1, 0]",1,552,290,116
959,"[1, 1, 0, -1, 1, 0, -1, 1, -1]",1,553,290,116
960,"[-1, 1, -1, 1, -1, 1, 1, -1, 1]",,553,290,117
961,"[1, -1, 1, -1, 1, -1, 1, 0, 0]",1,554,290,117
962,"[0, 0, 1, 0, 1, 1, -1, -1, -1]",-1,554,291,117
963,"[1, 1, -1, -1, 1, -1, 0, 1, 0]",1,555,291,117
964,"[0, 1, 1, -1, -1, -1, 1, -1, 1]",-1,555,292,117
965,"[0, 1, 0, 0, 1, -1, -1, 1, 0]",1,556,292,117
966,"[-1, 1, -1, 1, 1, -1, -1, 1, 1]",1,557,292,117
967,"[1, 1, 1, -1, 0, 0, 0, -1, 0]",1,558,292,117
968,"[1, -1, -1, 1, -1, 1, 0, -1, 1]",-1,558,293,117
969,"[1, -1, 0, 0, 1, 0, -1, 0, 1]",1,559,293,117
970,"[1, -1, 0, -1, 1, 0, 1, -1, 1]",1,560,293,117
971,"[1, 1, -1, 1, 0, 0, 1, -1, -1]",1,561,293,117
972,"[-1, 1, -1, 1, 1, 1, -1, 0, 0]",1,562,293,117
973,"[-1, 1, 1, -1, 1, -1, 0, 1, 0]",1,563,293,117
974,"[0, 0, 1, 0, 1, 1, -1, -1, -1]",-1,563,294,117
975,"[1, 0, 1, -1, 1, -1, -1, 0, 1]",1,564,294,117
976,"[-1, 1, 1, -1, -1, -1, 1, 1, 0]",-1,564,295,117
977,"[-1, 1, 1, 1, -1, 0, 1, -1, -1]",-1,564,296,117
978,"[1, -1, -1, 1, -1, 0, 1, 1, 0]",1,565,296,117
979,"[1, 1, -1, 1, -1, -1, 1, -1, 1]",1,566,296,117
980,"[0, -1, 0, 1, 1, 1, -1, 0, 0]",1,567,296,117
981,"[-1, 1, 1, 1, 1, -1, 1, -1, -1]",1,568,296,117
982,"[-1, -1, 1, 0, 1, 1, 0, -1, 1]",1,569,296,117
983,"[-1, -1, 1, 1, 1, 1, 0, -1, 0]",1,570,296,117
984,"[-1, -1, 1, 0, 1, 1, -1, 0, 1]",1,571,296,117
985,"[-1, -1, 1, -1, 1, 0, -1, 1, 1]",-1,571,297,117
986,"[0, 0, 1, -1, 1, -1, 1, 1, -1]",1,572,297,117
987,"[0, 1, -1, 1, -1, -1, -1, 1, 1]",-1,572,298,117
988,"[0, 0, -1, 1, 1, 1, 1, -1, -1]",1,573,298,117
989,"[0, 1, 1, -1, 1, 0, -1, 1, -1]",1,574,298,117
990,"[0, 1, 0, 1, 1, -1, -1, 1, -1]",1,575,298,117
991,"[1, -1, 1, -1, -1, -1, 1, 0, 1]",-1,575,299,117
992,"[1, 0, 1, -1, -1, -1, 0, 1, 0]",-1,575,300,117
993,"[1, -1, 1, 1, -1, 0, -1, -1, 1]",-1,575,301,117
994,"[-1, 0, -1, 1, 1, -1, 1, 1, -1]",-1,575,302,117
995,"[1, -1, 1, 1, 1, 0, -1, -1, -1]",-1,575,303,117
996,"[-1, 0, 1, 0, -1, 1, 0, 1, -1]",-1,575,304,117
997,"[-1, -1, -1, 1, 1, -1, 1, 0, 1]",-1,575,305,117
998,"[0, 1, 1, -1, -1, -1, 1, 0, 0]",-1,575,306,117
999,"[1, 1, -1, -1, 1, 1, -1, -1, 1]",1,576,306,117
1000,"[1, -1, 1, -1, -1, 1, -1, 1, 1]",1,577,306,117
